Hash,Timestamp
0x7c7c832c36c134b03705577038d17683553f6be6a3b5820a807e09e318504ccd,2021-09-20 07:37:40
0x91761c5909733922fef540360734127e41b044a6dbffa17f710d8f976a77d3fa,2021-10-28 09:17:24
0x35c046caed6777ca3fdb8b29f1724c1ad555824cdd5f2a3cc51afa5430e840ef,2021-11-15 11:53:49
0x1e59a33eaddb90b88809b52cccc8009a20628e6d46ecc54b6ad757c87327c254,2021-11-15 13:02:01
0xae5c2133e9497221ef98ce4e1f6a9fa5beb0c8cc972d19fa2fac7462aa6e8ba0,2021-11-15 13:30:27
0x40427d19942f1c40ed3f2002d76f39a09384276234953c1066410338a2ee77ee,2021-11-15 14:01:47
0x05f3ce97cbd19bdd88ac911f5121964dd771bfdecc781ff6f27c4b751334b99a,2021-11-15 14:59:53
0x1db8698da60fb14962ec3332813ab2bf81ed6cfa82e9e5e0f10edb95515fab55,2021-11-15 15:29:40
0xe25ef51c70008d53541b3ed2f15b31c5bc128c7e8c82f02fc3effe6ca45a3302,2021-11-16 08:00:35
0xcefc9f0d9d5880c130506a47ae731847f54d928146b987e62f36d90fc44fba6f,2021-11-16 08:20:57
0x3703ea9646e4a06393422ee1f8e8d7b255e82621fe6740c9e1435899f74b761c,2021-11-16 08:53:24
0x0ca0cea2bb856bac6fe105e0f608c2bbb54ade1d9ac1f4db95521993be62af5c,2021-11-16 08:57:43
0xe1d9321a42c82a8aa0f64489635a57e6b2638ceb7245b72d55b08b105334a91d,2021-11-16 09:26:53
0xc933da8688dea3f297d35c2acd85781ce74237fb6d5722ff41c75106e9c4cfd7,2021-11-16 10:10:28
0xc67368bf72b1eddba1ab729688ac1b10624ab71a45b8582a73b304f002827057,2021-11-16 10:15:32
0xf5aaf5cbfac1d00eeb72021f303d4588ae3c4c0a071ba7ccecfcda97c0f163bb,2021-11-16 10:58:50
0x35c168c8b9f2652d01435ecfe2d97964ea1aaee5249bcf735f6c7164ca0174d4,2021-11-16 11:19:49
0x3b89e2faca50518909efc88764a9566956612f623c461a8d8ab88ffdb412d78c,2021-11-16 11:26:14
0xfe96d0280df5348ec5731d7c8c61b354c6944a52761ebf0ebd89f96e84102e35,2021-11-16 11:30:45
0xb77b3ce134aeaeaeefd06dfe4a6790141df7dbd6c7b2a63defab57d44af8a2cf,2021-11-16 12:47:06
0x8578aeeb5cc911a710819c5f5802ce6c6e1d99bfc780fc9ea4563d4f73fec391,2021-11-16 12:57:05
0x470091630b5623d760a2a3292af1d0ab5b3eb2ab867841bd2e37e741787ad683,2021-11-16 13:16:09
0xbae799e587a741ef15d3699a4f1e47050a2296b41f53849a601859ade1660d2d,2021-11-16 13:17:16
0x2a8c630a56f372882796863ced72d8c610230bfdb0f76551a8e40fd77f32f2a1,2021-11-16 13:36:37
0x617fa5dea2c70b6abf0af42a0137d31d543545f1964c78992dbda14738276ea0,2021-11-16 13:38:37
0x99ea5168dad57c08d2e0005e6cd305335e43cca7cff464dc4f49549f9918403b,2021-11-16 13:56:28
0x5b2f492b6721972aee1aef0a7ca47448025116c141dd725cba08a1e62fe6f9d6,2021-11-16 13:56:28
0x89ddb84b75f805d261a74efbff59bd34498a149eee011d10be1bdf0c233c63a1,2021-11-16 14:01:43
0xc138d4aa5a38faa277a3e016821a6bb2a56254df78417a32d45663cecef4a934,2021-11-16 14:05:39
0xa69706cfbd6c1c582c7957a6ba81ec541fc8e250f933a21edbc2cd667ebfaa77,2021-11-16 14:18:50
0x1f8df6bad959919ebb36e0b70fa3f93a124d95b8cdbb4d9c5bfff9554c754a8e,2021-11-16 14:27:41
0xf05b1a6a38e1cd6f126e645417bac0ad05691102fe272cc03dcda605ee8a6205,2021-11-16 14:33:18
0x1510c5b01ecfbef6c6afadc8c2909e614f93783803b6e88b75eafe978e5599e2,2021-11-16 14:33:18
0x6455f9ee11deabb02aea6c97079f8f1bdaeb6b6952f166493feaa0e9122fb137,2021-11-16 14:35:18
0x6b1c15d86c5cbabfc1c682eab1994725471e5f18123c71d6e890f8aa9870c0af,2021-11-16 14:37:49
0xf4497c56ba2f18806e08279339714bb3ebcc8d34b7b0868b1a0ea9f9916e68e9,2021-11-16 14:41:34
0x08212c49cb6c6bd112bbc9c8b781d3b7260d5748a40a67dcaf2ebb2b8b991157,2021-11-16 14:42:05
0x8c29b4168fc5dca895cd930218326f044ddc5a806f1c09e8183b554647f7d0ae,2021-11-16 14:48:56
0x02ea2c75052de9fe92c07997de525231d658110ecc243fd6bc911f75d57b47cc,2021-11-16 15:02:17
0xfba80e14aec0fd44f3f85dfa793d0aa860033385c1fbd0e2cb6b4c454dabec89,2021-11-16 15:07:48
0xf8c85440e8ce0df1b63bd8e9d8498d78fa08fe7641fe46db5331af6f2ac7f7d1,2021-11-16 15:11:44
0x7be93b6d6893802752491aa4fef3124d504f9eaff1e92e297659bbe06aa005f0,2021-11-16 15:14:24
0x14f06f5c21a4364bcb8c60309b09469180c2e461826b56622c0f45b91f723b83,2021-11-16 15:23:23
0x7f385d863223404b76b00461ce4e3d2de9b9a3332eb0bfc9aef1c9ecbd059f41,2021-11-16 15:26:05
0x65dcb8176c22f4a23e516f5bb8819a4a53f9c80a36a04abda4eff23bc2156e55,2021-11-16 15:40:24
0x6e4771cc0709909b8544f4779d29cef9c7ee75fed4ec9ff76819525dd9b53ab8,2021-11-16 15:49:15
0x909294fddf27221390a36c58e7b7679b9d3ef067996323c062f4434b1cfc672d,2021-11-16 15:57:39
0x68969094384f8f09a6e4d5aeca72972f2f0efe78d23c22c7feb9ddf8b4d3390f,2021-11-16 15:57:59
0x7b8844be0bf6974d185c1e5db8170ec6e85e3bc504f5103868ea2641d4b09502,2021-11-16 16:06:34
0xdc59d3c1d36c4b29df22086c6d44efa9d62725f81c0e1720041fe51e5d9212f1,2021-11-16 16:11:26
0x086a2372323cdf21d625325affd989c350cec1d5956823ff03ea304230abb82b,2021-11-16 16:11:26
0xd835b16b5db7d3eab9a19651abc7eb89a2789ab6141f2f5e3c6eb02821415b38,2021-11-16 16:23:15
0x2d9a14d76da5504e5552c8f1e97f2dc1ad975c1ed111c00af6d76638a60f5611,2021-11-16 16:23:15
0x7a8ab67db1612f442365ec0977ab63c7e556d1f299d92569e8fddbaf5bfeabdb,2021-11-16 16:35:37
0xc173b50e31d10de413ade29918795d57f137df893ebf5fc4cf463b27ca6c9ed7,2021-11-16 16:37:43
0xf8801fb8c20b80531c51f26e215855668bb73158fb81847e5454f10502ef492a,2021-11-16 16:37:43
0xc003d223ac95743d989fc42e16b6f630e009b0b66bfe2962313205b3c3d01d0e,2021-11-16 16:40:13
0x3e9ab73a5db34297f5b527f10c43993817bd651236e91225c6366a9d5f0f492f,2021-11-16 16:42:26
0x2bb116b0e35aeed9a812743f01062370085ed417e77fabe8664acb8d8c260a69,2021-11-16 16:45:34
0xfd192b912243900f8cfb770b45b95741286ba8ea8c4bef490ec91a68f59c31fa,2021-11-16 16:51:24
0xa0dfc63d062ad7f35427285aab6908709f5853035175ddb3329f88b8becca93b,2021-11-16 16:52:01
0xb138baa24f2ff2abf852a05519ea8bab8988a9be1c79da10e18944aa47aa56c4,2021-11-17 00:33:13
0x929055a34007653e7755c9b1b3c55f62e684faeda8ab0e6c2a3a9952efc9b00f,2021-11-25 13:31:25
0x638f029e0599ae3944799aee4c2e62da798e0e81bd38b58987e97ec2e5df9646,2021-11-25 14:11:25
0x49c5dc813f4662156f064a7b0d0938c2246add10e10ad60433332c087ebdc623,2021-11-25 15:01:10
0xb12eeda2100ff639ac8bff40df3d7e4cd5455f86154869358a6b69761a42c6da,2021-11-25 15:44:35
0x037a719080d35b63edf21aea07e77517fed7ecd77f5b8f74930775c7bf999a1c,2021-11-25 16:07:36
0x6deb7b37d987f346ae8791e8184620c4aeaef663777e7fb9f1c2284a4f3691c1,2021-11-25 16:46:46
0xf63bbbe6f52f7a07d498d9f6a83362605c358985e03aa8a56152e32ed291b35d,2021-12-01 05:39:39
0x583aa5b089a1f98b50d79e8bb81cd337121ddacb7c86979a27565749a89bc829,2021-12-01 06:00:30
0xe1fa185e5b60ae203b42edf92f9e8d2f4defe297a196da16e296f1aad76d82f0,2021-12-01 06:14:16
0x03be56a3df63edfe3ddd4cb8fbf2c0dbec5c69ebcb211d548e95247c4e344cd1,2021-12-01 06:29:18
0x0549f14463b81c27bfb1ea9e813eb0695613341ca72f115017c763a7590a8a66,2021-12-02 04:36:23
0x372b48d8d047205137be8c592d995e8f7a2595bc3f579b9d394b9fe9ec0bf971,2021-12-02 06:02:34
0xef80ef5454aedf56767c1cecf6f934d4dcb11fde4489cff4a9268ef5e43abcf7,2021-12-02 06:24:37
0x1a41aa2be0d0ddc8ca55334501c89e5ff6449038fc6815333525899daf57f231,2021-12-02 07:06:15
0x34e9f85f80c472c12754922488e891ae81457b47afa90a3b62b8d9f7f3206d47,2021-12-02 07:20:27
0x16797126a6da83a2de5f1a187aaad0a10179e451b58125b773de192637cd9524,2021-12-02 09:18:21
0xcc5b9f87e7f136b7ab0f6097acf9e6e8439a75b1fa8fe4b69f0eea33ae91a333,2021-12-03 04:15:47
0x272baa33a6c0000c4b42e854cbf13e3c458b15983637991b2a9a029bbcb4db8e,2021-12-03 04:29:19
0xae766c1af9a8357cd86ed035c39b6de1b8c2abfd10e2334fe69bc692bad8000a,2021-12-03 06:04:22
0xdfad99f7d39210ea66116101ae12147953393734ce554b7eda4e210f1a100cc2,2021-12-03 06:23:57
0x9b181dbb109a6638a929e6e3d770207c5212f3503ef2f638fc222239edf69996,2021-12-03 07:14:39
0x44c42bb471f5f01f97120307de3aa40338f33d0ff13b09a6ad51c7da78a81514,2021-12-03 07:36:51
0x6b3d817a7d29d86c34d59aab6c76daeeeddd704bb0a1f12bfdea5c8aaff6ad1f,2021-12-07 04:27:23
0x831fd2db01f1e0c686e7babb68cd227f85d21863581121f9979250fa54e05409,2021-12-07 09:41:57
0xbec855f9264be36b599d356657781b9ab2c0baa1f61960928882a037d3cc3583,2021-12-09 10:35:29
0xea3652616c2f80eb19db72b3c40cb255b2ed8c74feec0e79e2f55a021b99bdc4,2021-12-09 10:37:26
0x2e7ec1618b70a6de72f2649668e57f8ce56a9498cb72f9ce6deabeac7d68dcf7,2021-12-10 03:14:55
0x6bd91f8f7db53ad10efbdbfeb3b99fc4f4f19e76ffd99b8de60116bd8edd896c,2021-12-10 04:09:08
0x834ee905ebf0e375eb48ee31d6f7bdad0ffef8c9465f5130843ad50ed837ef73,2021-12-10 07:54:54
0x6d901c584847927cec7d16e3b087271f070f963aec25ed51410756384e2d6b85,2021-12-10 08:27:29
0x45fd59a862c39454a7cf020ef28db20e102ff63b9e5cd5b279b136b52d8b5390,2021-12-16 04:50:28
0xef4eae593240c800fdde6caaa424ee17fc1b52ac53285fa36a553b79a4eaf52e,2021-12-16 05:03:35
0x665aaab0768c7e6a572eedfa2b292a8e207458b5bf1c5953dbcb473abc341f13,2021-12-16 05:55:49
0x4040a02ca97356948335e2969ded27d00c5118179c586b9435f9ff01102d004a,2021-12-16 06:25:53
0x86523af1fc7c00cf8be5af76de3856fb2dfe630ba4c12ed4e03ab355017d03ec,2021-12-16 07:41:49
0x6723a95f7c1de861d8d6ab740e08a4557385b648db2ca48f93d4ffd54c5198d3,2021-12-17 06:38:11
0x6522f960b8479be83b12181d4747b9dee73073cf20f57a423eb3a93b2fcbbeb2,2021-12-17 15:01:10
0xed3593aa58cb8f9d415f9435d0185af62c7be71f204548700c51ddf71abf1c5f,2021-12-20 10:02:26
0xdb0ce9ee0c63eb6f7aa112aa1ee0b39e7b0df57c52745b917bbd847b700492b0,2021-12-20 11:49:14
0xf358cee739d6ab1e590310c9328d7f008b238c1dd3241f827a5b9be45e9a70a2,2021-12-21 03:58:18
0x80fc38aacc0a782e9924cc8cca41e8e1bfd94664b8b931539c6e084cafc48b13,2021-12-21 05:31:14
0xad03814ff893197b7e7f945e99f06c4292da17086c11821e8c763d20465e7501,2021-12-21 11:56:58
0x45168c91299ed24d02b93b7e6f0bcb00300e3fa8a254a02bff2dcbb995145ea7,2021-12-22 11:53:10
0x1dd0a163846f054a4a4f15e1de50a600ed0360f463349ea17682456203870a40,2021-12-22 12:50:08
0x7a99ace9daaf2d59c4b96debb8fbe457e7bfe88482b41a15d479c77e88d16f68,2021-12-23 06:01:40
0x30971d1877b83b3234dd22f8738f00b9123d0fa88ae981e634ca9813ff5713ad,2021-12-23 12:08:15
0xd7493a5c418a079d317bb46d8d2e8286e73cc1cbbdecd1b9cd802fa0c4f58e83,2021-12-23 12:56:09
0x00715bfcf2f20c03321a25a45a69b33cd0300ea007f41b641e877c44e97488ba,2021-12-23 16:08:53
0xb9c8b19f6b3dc9d49d7826992c33b774ee39bba78fcd87517e4428f9385c6fde,2021-12-23 16:10:26
0xd86d68f4b83e6030b1c45f7f2c0f110854fc3fc41a4762e7b13eabff1f287321,2021-12-23 19:36:52
0xde105e9b13c2096e99c8d1758276ed85ca26810248fcaef362da7498752a241b,2021-12-23 19:58:46
0x520f01a592827bac5ec3cdc1f5598f98ac899b0cbd171afe962e0a37a30911c9,2021-12-23 20:28:56
0x0d32ab8b3a136f071a2b3782018b93645be070dd3569c85a6707fda70e6e9c11,2021-12-23 20:39:42
0xe8b932125bd0f2c4fa67585b7885ab08756bc48d2ab2eb430d642f0be206d469,2021-12-23 20:53:20
0x348be2854447bb2f22df596a572e617ec3e55d14e2311b3b577f78517cff4fcb,2021-12-23 21:17:10
0xa61b926e56e2592064c74167c3bb08a890da1179a77f0553b1292529c97264fa,2021-12-23 23:00:42
0x65aac6cacae689e3f969e477246f33f084cba92ab1f321e36d8018851e77d837,2021-12-23 23:37:55
0x1d565f76c441c5ab19d4c90cab2e290bcfe4cbcf7e96e89f5c4a92ef6a7deac1,2021-12-23 23:54:13
0x9388b48ce5cfcde1e047d5e574c58441a63a0b014ab26c97de8a84ca063445cb,2021-12-23 23:54:13
0xc1a6f11d99312ab6a07a9d6c6b4c27bb709874a3525fff44c8e9222f75eec075,2021-12-24 01:02:42
0xbe16aebf0229ae74c84b0244e1c260af0165a326f78fda89af7fa4825f168975,2021-12-24 01:27:53
0x815f9a64eb99cc83e2f9cf626018e5a52b583b03501d34fa19ee739d1acdd1d4,2021-12-24 02:12:50
0xf7d4d62610cb350b6609eb203e0dc20241d6a24a7cc73e164dd8c00a011cc913,2021-12-24 02:28:03
0x488168204719a1f59b7545478015e02dfc9bb8a437bc7573eb9509b5cd6f6ba1,2021-12-24 02:44:21
0x6b24a5efffcae2f4c556dadffecfecc970085b80b7902f2695fef9f5be2115db,2021-12-24 03:01:29
0x579d155b3ba304872de9d76c4fcf2d57835e82d92b6207c70f7d516b34ad7dae,2022-01-04 05:41:37
0x5dc4f3017c60c936fbd60089cbe9318749cb3abd63451a9d3f4fa6be9647ff13,2022-01-04 09:06:42
0x177a7b3eddce63164e3a0a1e7221451fd831351cb2be4fadd960d8121eed10fa,2022-01-04 13:19:23
0x509ba5b28b7a63ab65ffbcc1c2192c141fa52e5a2ea9304769716b0aed61cc34,2022-01-04 15:21:07
0x147120cb9aebdc7a99e3a4430906d4a5730c4a98e657ee397eddd079fe3035a8,2022-01-04 17:26:48
0x1035b74bd399a1cd433ff81596d677851a3e090c4b5b71ec42aa9fd9ad1e4ce9,2022-01-04 18:50:18
0x579a9edfefe736948779c3b387047129a5f37c8a18d4974c5d02524c79668d33,2022-01-04 20:05:15
0xc296fd50eae2e69da0a19e7407ac1946f7cd8d81c82a58d6fdc0a23a7b46d4fc,2022-01-04 20:32:17
0xb31f129e765442126ca6a5c121c883267b51e53215e2233c1e995f1c918dbd92,2022-01-04 20:36:27
0x6a35ec4599e452030438c6ab577a8b837dba57f6f35f50dd20fb350c4bb76471,2022-01-04 20:54:48
0x1cf5a26d27bf57414430da8ee839f16ed84a5c77245b1f7656be9fb7c71d2dd7,2022-01-04 21:21:36
0xa0a2b69b9e4ae4f9e9d34c87eac7d877347bba09d0e4a31f306586580c29b238,2022-01-04 21:37:27
0x091663955615f33a1cc67a2cd0631d6badaa8bffd63b85b5f8d04eda98a4fcb9,2022-01-04 22:55:32
0xc6c6f0a6933475bda7470f77c20e975d0ba6dcdf26483098fa1a5172ee1b12ab,2022-01-04 23:11:55
0xa5b18c23e33b3cd99f79f6f8e973e120b07d1d297ff4b05e6cadaf7496aa23e1,2022-01-04 23:14:13
0x67a7c9d2832989a2c9e6989dacc8c71f435554d7a15593b1fbdbc0df7436f4c4,2022-01-04 23:32:29
0xa14df4e35150698237f4bbe56f89339a77b48d585a842bb2cac2b16f04cc4825,2022-01-04 23:44:32
0xfdb37ca3dbbc576e958ebb747dfa810162cb37ce78b71a961231d9f299845e3a,2022-01-05 00:28:18
0x18f026d2cd4e51a85fb52ea421e78f7fb073710d594656b4f2f4ffed1840584d,2022-01-05 00:46:44
0x9bb52ddfba74a856fd7145ee1d3d75d045950226e998f263a49fcbc47ca2e426,2022-01-05 00:49:41
0x425077f1d4c60356f739d4db5c23d5c5fbdfbd0dff773961489c9012e32fa18c,2022-01-06 19:50:52
0x030282ec5474ef02fce58476b4a1d2ac6db95ba1e7bbf50ac006e98a3944ffcc,2022-01-06 20:13:32
0xce2faece6cbd3e19129c1819f2c8e335df95f2fbf1096e91a90eeb6273abefa1,2022-01-06 20:13:32
0x30a18b4892947220282c8bde66e08f5108a69cdc04b221326bfdbfc2047fe95e,2022-01-06 20:13:32
0x78bb1f92d554d88f9662eaff6f77064ac20abcf8b1146bf109f06730b7c5e9d1,2022-01-06 20:13:32
0x5ef88bf0a70c390e6bcb420deee1bcbe2b37c0584abe29533df4e439752c6699,2022-01-06 20:13:33
0xa959ac6dc808197e25b5adf92a58ed693b8befbe715caaf1df299dc604d115bd,2022-01-18 15:30:27
0xf9ab14d202025daa1f91e5e6d893175a9cc7ac8df1d5d5945bec2aa480b76fd9,2022-01-18 16:09:06
0x3913ed5eb019ffade8764fee11a6390f0156db2cde806870d7b23ca59bbfa725,2022-01-18 16:44:50
0x9bf5ab9667ddf5c820e944ade235ec7ef2f6dcea70a23993b0f7f77cbb4e850d,2022-01-18 17:09:23
0x9ba16cc84db319e0731e2393a8d644dcba1b0429d561d2e830dce8edf4a368ed,2022-01-18 19:15:48
0x9ef1bac8234ff0668be82e9f0727aa7fbb9ec913ca63fed353e8271264c736b7,2022-01-19 02:31:54
0xad43102cc36a6f3ced7982267a79be38c1adf04e8cd29a6cf6c05d1b74220f7d,2022-01-19 02:31:54
0xc9f284c20fa66f413917f692845c96c384da8fd4ee08e70db9de6301829ef26f,2022-01-19 02:31:54
0xa2391287716539cfddde7e6ba9ee3c28a488809265d8f5286d0a8412a49f5d5a,2022-01-19 02:31:54
0x7255705953a9dd1f8b8d4810ddd25815a1f6cf1667ce4551b9f5139ed486677c,2022-01-19 02:31:54
0x3441344eee6cb5fa99d8c3a07c80b18d9c3fbe1f9fd4a1a8be07d6690a52736b,2022-01-19 02:31:54
0xb0b43510c9671a3942675d6e265448bdf31e635565d4308866ad4c2189c4afa3,2022-01-19 02:32:54
0xd0c03878ff55768612e9cc8e769b7b2211acfdccfbea312be0140147db788608,2022-01-19 02:33:26
0x6d807e639fb6d575c383a1ea6d7bf01bfa66f226f3f190e54d945fa4f93fa4c3,2022-01-19 02:33:26
0x24117b4e908c2c7c32e97007b3d7494ed8dd9d83fef83762e0a5bdea813939ae,2022-01-19 02:33:26
0xfb015b51fb918a3cd937bfba76aea47b56d03230e969b68d634eb376a79e1cef,2022-01-19 02:33:26
0x702167656178fbe0bfac400d18a8acac27ee8bf5d3f304d2af82295d757fd676,2022-01-19 02:33:26
0xeef2691732dae7711c6befd1f5d19a40c6ea7a5afaf40a5e4a1cd680c6258736,2022-01-19 02:34:01
0x207773fac36c899b9e4853a1151101b928fa7cd13c34cd9c3cb72ccef713b254,2022-01-19 02:34:01
0x168334866ab202a9a20f1690b32aef66e0c46a3268b7afd17511215e3bd11010,2022-01-19 02:34:01
0x69c4d0a30175a04ac2d99d7bf2bff0d3d0aeff05d027f46a1c540f34b90ba231,2022-01-19 02:34:01
0x773ea3af5033b4d42f6b79b29dff71d9e401ba8328a920d266cf741731dd96d0,2022-01-19 02:34:01
0x3ffd089d20fc703a4e92911382937874b5be3c907981667335e6f82802f6a28c,2022-01-19 02:34:22
0xefa95782b2417ef550c32ae890d9ed29c5bb87f1ada558eb6c8216e5df8c4bfe,2022-01-19 02:34:58
0x4cf60a37ac4a9de55b2f90b4c4f26dbd618675b23c6529e1d3b6490db5694549,2022-01-19 02:35:16
0xab80634845155802318f18bbab04bdfffcccdbf4423b39fde2d0b12042a1a00e,2022-01-19 02:35:16
0xe996e3678f6521587bc12edc41a0e6a88108ee75a2d4e5f0071b35e4bcc903b9,2022-01-19 02:35:16
0x68c044a81ed96ef728d74eabc46b4bff50f40355760df2c42cb85454f716c6f8,2022-01-19 02:50:42
0x832b2c758d2c9c126d8296b23039846d2698431ee3b4383f3c7479e334d8b770,2022-01-24 20:09:23
0xd35b65956dac7aebdc2dd64c19d5649308d4a4a92d7607b16806f20268dd943c,2022-01-24 20:25:33
0xa95339dd732875f50cde8487cb440562bad5f9bcb0e34556f4b9f6ee8242e727,2022-01-24 20:36:28
0xfe041fbc70f9d54635e1546572efea108f6f7bb31e184f16884106058478cc36,2022-01-24 20:45:31
0xc9d9a60477bb6402ab5a3b7a5af897c2ebf61810987ec2d9a8b64f23eb40eb54,2022-01-24 21:39:56
0xe0ac2c7fea8254af40da0a3aa9e36d8868fd34834065011da4cd010bf3340b00,2022-01-24 22:16:48
0xb9022b3e2198cca2e4bcf0cb1c8a6995c6f8086599fe711315f97f8ae6888f64,2022-01-24 23:54:26
0x24e728cdd7b4b656ccc06525fe4d729a752398c0467f2455665a1103aeb1d5d0,2022-01-25 00:13:58
0xedaa5d4f5ce3e711ffd62182c4ff499db17711987f94dfe90ff631e9312d2415,2022-01-25 00:26:24
0x1fc7d046c8aee3c3802fff39c5766b219f6439c44e44604071fa1cce5a892955,2022-01-25 00:38:51
0xef735f2bcb29d2691355d7b21d492da5a72402843a6e2b32e83c29b8018f0030,2022-01-25 01:02:38
0x73f3c0e135863e442e7cacbfcfebb970c7482f508a6ec774ec436da207771033,2022-01-25 01:58:25
0xe30fc2962ab5a9130fca3245e9688a9cacfd10c05e02dbb3ef67aa09c432c856,2022-01-25 02:52:34
0x2bafcac55d4ee31c6d0863dee2bf0adadc31442ecf521f86eb776af0318b9f6d,2022-01-25 03:03:19
0x32fe0d7cfdc922f3cecd80ab77b32dd442bb5ff60b8e167b7e4200ec0abfd5a2,2022-01-25 03:43:50
0xa71317262051d3489fce90b96621607a8e84d9e0174415b0d61620cba717b18c,2022-01-25 03:59:51
0x8cf610e02cf2eaae001dee0ab6b687f8c6bdaa43057f203c62faae67333e5b3b,2022-01-25 04:04:13
0x0a7fae09adfae927bff3c33bbaf2515d3b7f0a8e979261081b722f897b55c6a3,2022-01-25 06:38:31
0xa24711cbc6d46822bc2bc320bfe5fcfe31da4f47c960d1aa6c9bebad91cf1936,2022-01-25 06:38:57
0x090f7b577d29635ad2e99fccc47e166f95f59fa20fd6ca6fd8b37d629c31b4c4,2022-01-25 06:40:49
0xd55edc31bb9b5ca51b8e30ef5893e1f9fa89fda66ff465ff70553c659364c96e,2022-01-27 09:55:28
0x36e3d1066fef571f764b9aeef0b8ebf74d51ba1879b95443aca8d3eeaaa529af,2022-01-27 10:09:45
0xf18e5761afaae949d7ae5212e6b8e92ba20058ad6c9cb1be72cec69e0dbeb2f5,2022-01-27 12:43:45
0x5684a20e03371810ade3fd2e1a801f680bf0620ac49631df719bd08e0b7119ca,2022-01-27 13:32:28
0xdd0f750d1c53477de0ca56b0600bdadf85821b520c4f4c5818f9438dc1404442,2022-01-27 15:03:24
0x266af1476ccf1f4aa1f85cbe62e85ef0bdb5f5825fc14a406249837258a909c3,2022-01-27 15:25:05
0x70a2270fd470c9d21935b66bd8951822a24f8ac05e60d62ee5c3efa64c158826,2022-01-27 15:48:33
0x36af4670eea5bbcf496b4a01d22c8d4c53b3538552ef31794cf964c7d5a5fa0f,2022-01-27 17:29:13
0x87e9c63b8564394dda150040c7cb329dbfc09e3c2218284c105ca809b1622f8f,2022-01-27 20:35:47
0x81daecce19317e14306a38437b120b4f039521741de59528eac3ffc0081074c7,2022-01-27 20:51:20
0xd94a721469c258cdb6102568737bab720ab51b3a297099aac02df9505dce3ed8,2022-01-27 22:54:33
0x61f438d6769575e0dc9eb7872e2e8e036bce6af774fbf8bf8822d3689fdc32f0,2022-01-27 23:20:02
0xa6b9358da986dc89422b5e32d7be053f0561aad506a24b34480a3e896602ad5d,2022-01-27 23:33:33
0x2561fe912969b6d3f3fded4efeaea0f9d43f55cf1b81b8a17b13636e2ea498e9,2022-01-27 23:57:06
0x859a4fa3b3121bfd23c371c5a21727af2f8e24ea5d40a36936fd08fa033bc899,2022-01-28 00:26:27
0x29852183e888e1b0cf642231073a131677d89039eeabed1924f0a0b5349349a9,2022-01-28 00:52:53
0x22442d0f34b651ec8bfde262e08ed434656e5d572d827caa78ee6e51079dcf10,2022-01-28 01:11:09
0xc7d6a9bada758ff9c2f409b6b280e9fbc7fa466dd6d6f533ebc5413212791b0c,2022-01-28 01:50:41
0x51b226f3b7d794f8e93ca7ba600fb9abb6e9f539014bdc37dcc1358d73c90537,2022-01-28 02:20:32
0xbed66676a3de459cfc27f71e7ac2d72829ff0b0851ceaedbe44ec8040cd5eb79,2022-01-28 02:30:38
0x84ad5de5844fa41c36cfe0fa7f743442138319d7b76d046b2a164af91bd94aa1,2022-01-28 03:06:35
0x2b8a0a6e5b0bd5d22f709dd5e6ff785773045f09a4c793af345c3c78dc8cb4b8,2022-01-28 03:41:34
0xa8f6c4bba1b2de0a6f73bbcde882f6e272abff8345964e67ea11883c1d1dbfe1,2022-01-28 04:08:04
0xfe9c3203f42eaeaab1399069c1b90826d902d5e4c142b84f67efefff86b399c0,2022-01-28 04:47:00
0x7e9655b6fa6f0ab625632faad2afef0e7ac4093aad892247bfd7b92257386d8d,2022-01-28 05:17:16
0x8f392d71bf30b756bd1802eb8542411c417dc9218ad9bc136e777f6fa06ce0e5,2022-01-28 05:47:41
0xc9314032b048ee1ca350056ef7b8cfa0c4550a46c1bd01c36f3c0ec37427f3eb,2022-01-28 06:04:31
0x37c2609021c8169d2914b3895e7252f9829b615ab72a850041b0b25c638fc6c7,2022-01-28 06:36:27
0x6c7f8138310f8a30a5fddf60856b207fe0b2db5ac1c22edc9a6c8f518327b352,2022-01-28 07:23:12
0xc8a52d3e10190d2c4e0d57341341718082fea4800d780ce978935ff6381fb383,2022-01-28 11:46:43
0x252ffe647caea521186c8524bea2a593461b29447d74fbf3b55a97bcbb22b261,2022-01-28 12:35:22
0x128e687941546da0670112636fd5c611787e3bf975714e0e896a48080e1f0847,2022-01-28 14:07:20
0x065f1dddedd487df0792549338400d020a8cdcba06b46b8f38d0dd3dfc6ab748,2022-01-28 14:07:20
0xd3344a8a532843fd8acff9b76bd4deb9a0937ba2995b7538846b097aedd33bee,2022-01-28 14:39:35
0x5c5266e10b30d9cb795d292502bea77722d8437a76c6d898012194aaf9e2128d,2022-01-28 14:53:13
0x53680953276145d017b32eacc852526355cba0bccbafad0603df3840a2e3c1e3,2022-01-28 15:40:26
0xf36ba1a219fb863b27f35a3f1ee1c4a5fc5305331bc8f374404d7f67cd77f52c,2022-01-28 17:46:56
0xed79499bccb8d1154d8afd0b8f8b87d62e6e18925bc71a08207436a9cd0cd914,2022-01-28 17:46:56
0x23bd37878c6dfd216db31019fd39d4ded6dd921070276eaf939ed145a028f134,2022-01-28 18:52:17
0xa25c37e3d48a0722d5d4219091f99a2312d81f13fc16c33f4c7e4bac149e08e8,2022-01-28 19:18:25
0xd3e211b4c64b284e4aac7e142e11362ff9201c629936ada9d0006eaa2fc6fc02,2022-01-28 19:29:26
0x675a0cf430488199e5a02c9f23ef4c355492f17e0e37e08bd991101656bd24e6,2022-01-28 19:47:26
0x78518dca38e6cec6a82b85566616cff7b052a6bb5a3a813b3c409c275cb9500a,2022-01-28 21:24:16
0x3f5c3478d5a4bc8c39d58347f194093a019136fbf089c1bab4d088e07e999ec3,2022-01-28 22:02:08
0x14bffecae82d06902236df3dd400f441270f6bf5d82474aecdbee8efd35db1f6,2022-01-28 22:12:51
0x6f6a793e3421e79c3b754bc9a3514fa540b28b1ce2e7dd07bdd22a146796e8c5,2022-01-28 23:25:03
0xb9a43809c73cbda2dd28081a90ebe0fb75b3370622c35efa6360d2f40ef4a720,2022-01-29 02:35:48
0xa9cd8524ba8244020e36816538475630658be29bf5a08d226c8b215613ff75db,2022-01-29 03:24:34
0x3b4c0f82e8a78b9796b8f25bfd1f17241f6e81e20c445d64e32051cab258d5e0,2022-01-29 03:57:40
0xbcfa29878c48b08cb91523e16ff63071365b5c35881f43f5035f65ac98e35276,2022-01-29 04:00:25
0x6a5dae508a9aa84dccaac4751234e0331e7bfa8cabf0eb1b8e57fdee90212d41,2022-01-29 05:42:42
0x6efb05c3b708d9500a6bb8694c33afe8ea418ca4ea43b050ff799d672aba16e0,2022-01-29 09:52:32
0x2a0988081247d158053050cd6974201f11c8b3cf1c08671c2507147f694138a5,2022-01-29 11:51:52
0x39dfdfe057abbb3b5530c11d79b116541c3d5296cf29fa18b72485f38cffbb1c,2022-01-29 12:28:43
0x98213a2afcaa4d7d6bd6ffe2a3fffab8874f909e832d2171cd7c0e64712145dd,2022-01-29 14:20:31
0x6f3ed4c093acf525771edc2abc0a0ae80ef1b580e0964280751929d9b9df3a48,2022-01-29 15:46:19
0xd161274d69a9d18fc9da6943f1c173a226f9aacca941990b4bd1aa60644b9351,2022-01-29 16:53:21
0x30eb47915ab997508b50cff42ef13fe835fe7b96ab53907d16fb338b2ce90d10,2022-01-29 17:42:58
0xbb658833549a9cf7594de3f0dfdbe043dce6379b010eaf02bcb28df3c88ffd93,2022-01-29 18:39:30
0x202a7f495e8d97dc68c3229d11a3f1e15523a9d322e7128e582df22b642a8f4c,2022-01-29 19:10:37
0x054b6f22392cea7d07484f542d98383d6e4ec91612b470691396fb996cd76680,2022-01-29 19:29:27
0x7c3484d39cb5453251d74bdb938ca31ca665b1fd40480b6109f96183dc54e28d,2022-01-29 20:20:18
0x0e3661707f72a755fd5e1a6370fe446c8c6f6b6545fb94494e569cec4e334ce3,2022-01-29 20:46:20
0x42d2c5161de93f1e4431913c67361e5e08f45573803572f4423c47a7d96df577,2022-01-29 21:38:32
0x8f6ff5d35bcafdf92d4ef62c10c082ddce2801a913b0cf00170a3bd676cd814c,2022-01-29 22:26:03
0x2280a13bfafa590f1fce2feaf4712353e4db721f0b888ab7d00fd2d74e067dca,2022-01-29 23:27:24
0x27c265ac6d81155718ea5450ee6264ad80e23c6fe3d9cf1852c3333f7033f160,2022-01-29 23:52:26
0xa819835174f4bba30f8cfe176978ea230ad7648b8868950bbaeea0afdc75cff7,2022-01-30 00:12:11
0xc26b5f077170c7b253cd73ea3ea0cb1870e78fd22c147e059ee47df366fcff7b,2022-01-30 01:34:52
0xc311eb3e4dffe2db0ebfc8a1f69abadc6ee1739559ab6b959a1ab0f34eed35d3,2022-01-30 01:55:04
0x464f871819293be32226c320723dbb572b58d4425c0744c83f371a835170f635,2022-01-30 02:07:50
0xd1c6dd64de2717aa515964e4544a9ce45bbfb70feb99d96b136b7e8e72e5f1b3,2022-01-30 02:28:59
0x6f38c898bd0605c26fe6c680ac97ccea71fbad68e3aa9a385b67c954e2228dd4,2022-01-30 03:16:08
